인문과학대학,국제비즈니스어학부/영어
인문과학대학,국제비즈니스어학부/일어
인문과학대학,국제비즈니스어학부/중어
인문과학대학,국제비즈니스어학부/노어
인문과학대학,국제비즈니스어학부/불어
인문과학대학,문화콘텐츠학부/문화콘텐츠
인문과학대학,문화콘텐츠학부/국어국문학
인문과학대학,문화콘텐츠학부/철학
인문과학대학,아동학과
사회과학대학,공공인적자원학부
사회과학대학,금융경제학과
사회과학대학,경영학부
사회과학대학,군사학과
사회과학대학,글로벌경영학과
이공대학,컴퓨터과학과
이공대학,소프트웨어학과
이공대학,금융정보공학과
이공대학,전자공학과
이공대학,컴퓨터공학과
이공대학,화학생명공학과
이공대학,나노융합공학과
이공대학,산업경영시스템공학과
이공대학,도시공학과
이공대학,토목건축공학과
예술대학,디자인학부
예술대학,음악학부
예술대학,뮤지컬학과
예술대학,실용음악학과
예술대학,무용예술학과
예술대학,공연예술학부/연기
예술대학,공연예술학부/무대기술
예술대학,공연예술학부/모델연기
예술대학,공연예술학부/무대패션
예술대학,영화영상학과
미용예술대학,헤어디자인학과
미용예술대학,메이크업디자인학과
미용예술대학,뷰티테라피&메이크업학과
인성교양대학,인성교양대학
융합대학,융합대학
